{
  "did_main_2018_2022": {
    "did": 0.0474826869493503,
    "se": 0.013697422509314262,
    "ci95_low": 0.02063573883109435,
    "ci95_high": 0.07432963506760626,
    "z": 3.4665417465995536,
    "p_value": 0.0005271998595214082,
    "sampling_var": 8.982132918504059e-05,
    "imputation_var": 8.890732201238947e-05,
    "fmi": 0.5212577317015221,
    "n_pv": 10,
    "n_replicates": 80,
    "brr_available": true,
    "pre": 2018,
    "post": 2022,
    "treated_band": "Center",
    "n_treated": 6157,
    "n_control": 6331,
    "treated_pre": 0.3738196908224892,
    "treated_post": 0.7179625225591357,
    "control_pre": 0.4658582453865404,
    "control_post": 0.7625183901738366,
    "treated_change": 0.34414283173664634,
    "control_change": 0.2966601447872961
  },
  "did_placebo_2015_2018": {
    "did": -0.06975943153199075,
    "se": 0.01988745246532289,
    "ci95_low": -0.10873883836402362,
    "ci95_high": -0.030780024699957886,
    "z": -3.5077107866695356,
    "p_value": 0.0004519801283437587,
    "sampling_var": 0.0001519092131918261,
    "imputation_var": 0.00022145595669877395,
    "fmi": 0.6159163632965694,
    "n_pv": 10,
    "n_replicates": 80,
    "brr_available": true,
    "pre": 2015,
    "post": 2018,
    "treated_band": "Center",
    "n_treated": 5937,
    "n_control": 5637,
    "treated_pre": 0.5226705478159095,
    "treated_post": 0.3738196908224892,
    "control_pre": 0.5449496708479697,
    "control_post": 0.4658582453865404,
    "treated_change": -0.14885085699342016,
    "control_change": -0.07909142546142939
  },
  "ddd_main_2018_2022": {
    "ddd": -0.033368654323206993,
    "se": 0.03724531817575906,
    "ci95_low": -0.10636947794769475,
    "ci95_high": 0.039632169301280766,
    "z": -0.8959154051454667,
    "p_value": 0.37029794582748954,
    "sampling_var": 0.0005568890687166457,
    "imputation_var": 0.0007548405975426201,
    "fmi": 0.5985556815985433,
    "n_pv": 10,
    "n_replicates": 80,
    "brr_available": true,
    "pre": 2018,
    "post": 2022,
    "treated_band": "Center",
    "center_urban_rural_gap_change": -0.029869268148218154,
    "control_urban_rural_gap_change": 0.0034993861749888387
  },
  "ddd_placebo_2015_2018": {
    "ddd": -0.04807784429530372,
    "se": 0.042214809244694146,
    "ci95_low": -0.13081887041490425,
    "ci95_high": 0.0346631818242968,
    "z": -1.1388857407035775,
    "p_value": 0.2547508137750975,
    "sampling_var": 0.0006594550880737359,
    "imputation_var": 0.0010205773013565258,
    "fmi": 0.6299541303588129,
    "n_pv": 10,
    "n_replicates": 80,
    "brr_available": true,
    "pre": 2015,
    "post": 2018,
    "treated_band": "Center",
    "center_urban_rural_gap_change": 0.058769428033232686,
    "control_urban_rural_gap_change": 0.10684727232853641
  },
  "did_regression_clustered_2018_2022": {
    "did": 0.05178310754109167,
    "se": 0.04264109135279054,
    "p_value": 0.22459710814969847,
    "ci95_low": -0.03179189577186011,
    "ci95_high": 0.13535811085404345,
    "n": 12488,
    "n_clusters": 334,
    "method": "WLS-LPM cluster-robust(school)"
  }
}