{
  "model": "lightgbm",
  "n": 6129,
  "threshold": 0.5,
  "weighted": true,
  "attributes": {
    "GENDER": {
      "groups": [
        "0",
        "1"
      ],
      "demographic_parity": {
        "0": 0.5980556998212385,
        "1": 0.7812056905259569
      },
      "equal_opportunity_tpr": {
        "0": 0.6708337095653882,
        "1": 0.8454756679731754
      },
      "fpr_by_group": {
        "0": 0.41042175236620876,
        "1": 0.548017841684868
      },
      "calibration_mean_prob": {
        "0": 0.5836200844248717,
        "1": 0.6700927640798002
      },
      "parity_gap": 0.1831,
      "opportunity_gap": 0.1746,
      "fpr_gap": 0.1376
    },
    "SES_QUINTILE": {
      "groups": [
        "1.0",
        "2.0",
        "3.0",
        "4.0",
        "5.0"
      ],
      "demographic_parity": {
        "1.0": 0.9012647739987519,
        "2.0": 0.7608312467793029,
        "3.0": 0.7654691347217221,
        "4.0": 0.6626860912798976,
        "5.0": 0.4056716582673043
      },
      "equal_opportunity_tpr": {
        "1.0": 0.907899237687242,
        "2.0": 0.80912583111703,
        "3.0": 0.8251600907936258,
        "4.0": 0.7267959480108218,
        "5.0": 0.5291975209451332
      },
      "fpr_by_group": {
        "1.0": 0.8622256766194877,
        "2.0": 0.5853975776231843,
        "3.0": 0.5398433835951746,
        "4.0": 0.48103187906515704,
        "5.0": 0.23628981306793945
      },
      "calibration_mean_prob": {
        "1.0": 0.7714204966259679,
        "2.0": 0.6727944254944997,
        "3.0": 0.6780364844584715,
        "4.0": 0.6054462144696283,
        "5.0": 0.44011376738232477
      },
      "parity_gap": 0.4956,
      "opportunity_gap": 0.3787,
      "fpr_gap": 0.6259
    },
    "IMMIG": {
      "groups": [
        "0.0",
        "1.0",
        "2.0"
      ],
      "demographic_parity": {
        "0.0": 0.6686523847115525,
        "1.0": 0.8002545119529642,
        "2.0": 0.7593789312864243
      },
      "equal_opportunity_tpr": {
        "0.0": 0.7511675718113079,
        "1.0": 0.8108571684962808,
        "2.0": 0.7447852947714694
      },
      "fpr_by_group": {
        "0.0": 0.445339019617378,
        "1.0": 0.7318914481866575,
        "2.0": 0.825372393952481
      },
      "calibration_mean_prob": {
        "0.0": 0.6106222086564423,
        "1.0": 0.6914612019950535,
        "2.0": 0.7031455935023465
      },
      "parity_gap": 0.1316,
      "opportunity_gap": 0.0661,
      "fpr_gap": 0.38
    }
  }
}