{
  "features": [
    "ESCS",
    "HOMEPOS",
    "GENDER",
    "REPEAT",
    "IMMIG",
    "BELONG",
    "TEACHSUP",
    "ANXMAT",
    "GRADE",
    "HISCED",
    "HISEI",
    "_MISS_ESCS",
    "_MISS_HOMEPOS",
    "_MISS_REPEAT",
    "_MISS_IMMIG",
    "_MISS_BELONG",
    "_MISS_TEACHSUP",
    "_MISS_ANXMAT",
    "_MISS_GRADE",
    "_MISS_HISCED",
    "_MISS_HISEI"
  ],
  "n_train": 20913,
  "n_test": 6129,
  "models": {
    "logistic_regression": {
      "accuracy": 0.6877,
      "balanced_accuracy": 0.502,
      "roc_auc": 0.622,
      "pr_auc": 0.8397,
      "f1_macro": 0.4919,
      "f1_positive": 0.8073,
      "f1_negative": 0.1764,
      "precision_positive": 0.7543,
      "recall_positive": 0.8683,
      "mcc": 0.0051,
      "cohen_kappa": 0.0048,
      "brier_score": 0.1949,
      "ece": 0.0784,
      "roc_auc_95ci": "(0.6075, 0.6371)",
      "f1_macro_95ci": "(0.4803, 0.5036)",
      "mcc_95ci": "(-0.0184, 0.0288)",
      "tuned_threshold": 0.478,
      "f1_macro_tuned": 0.48251808996286133,
      "mcc_tuned": -0.006189775545690521
    },
    "random_forest": {
      "accuracy": 0.6616,
      "balanced_accuracy": 0.6158,
      "roc_auc": 0.6738,
      "pr_auc": 0.8495,
      "f1_macro": 0.5962,
      "f1_positive": 0.7587,
      "f1_negative": 0.4337,
      "precision_positive": 0.8198,
      "recall_positive": 0.7061,
      "mcc": 0.2092,
      "cohen_kappa": 0.2028,
      "brier_score": 0.2091,
      "ece": 0.1827,
      "roc_auc_95ci": "(0.6574, 0.6897)",
      "f1_macro_95ci": "(0.5826, 0.6099)",
      "mcc_95ci": "(0.1820, 0.2360)",
      "tuned_threshold": 0.488,
      "f1_macro_tuned": 0.6056923648820882,
      "mcc_tuned": 0.21662287148921408
    },
    "extra_trees": {
      "accuracy": 0.6402,
      "balanced_accuracy": 0.6089,
      "roc_auc": 0.6631,
      "pr_auc": 0.8439,
      "f1_macro": 0.583,
      "f1_positive": 0.7375,
      "f1_negative": 0.4285,
      "precision_positive": 0.819,
      "recall_positive": 0.6707,
      "mcc": 0.1931,
      "cohen_kappa": 0.1836,
      "brier_score": 0.2124,
      "ece": 0.1822,
      "roc_auc_95ci": "(0.6478, 0.6793)",
      "f1_macro_95ci": "(0.5692, 0.5963)",
      "mcc_95ci": "(0.1680, 0.2198)",
      "tuned_threshold": 0.478,
      "f1_macro_tuned": 0.5943062995547639,
      "mcc_tuned": 0.1970296021989817
    },
    "gradient_boosting": {
      "accuracy": 0.6834,
      "balanced_accuracy": 0.6205,
      "roc_auc": 0.6741,
      "pr_auc": 0.8533,
      "f1_macro": 0.608,
      "f1_positive": 0.7799,
      "f1_negative": 0.436,
      "precision_positive": 0.8188,
      "recall_positive": 0.7446,
      "mcc": 0.2236,
      "cohen_kappa": 0.2204,
      "brier_score": 0.2099,
      "ece": 0.1804,
      "roc_auc_95ci": "(0.6591, 0.6899)",
      "f1_macro_95ci": "(0.5953, 0.6214)",
      "mcc_95ci": "(0.1989, 0.2502)",
      "tuned_threshold": 0.566,
      "f1_macro_tuned": 0.5658268478164891,
      "mcc_tuned": 0.20248497134391266
    },
    "xgboost": {
      "accuracy": 0.6845,
      "balanced_accuracy": 0.5954,
      "roc_auc": 0.6386,
      "pr_auc": 0.8311,
      "f1_macro": 0.5913,
      "f1_positive": 0.7865,
      "f1_negative": 0.3961,
      "precision_positive": 0.8024,
      "recall_positive": 0.7712,
      "mcc": 0.184,
      "cohen_kappa": 0.1835,
      "brier_score": 0.2217,
      "ece": 0.1655,
      "roc_auc_95ci": "(0.6224, 0.6545)",
      "f1_macro_95ci": "(0.5776, 0.6046)",
      "mcc_95ci": "(0.1567, 0.2103)",
      "tuned_threshold": 0.552,
      "f1_macro_tuned": 0.5726608838802454,
      "mcc_tuned": 0.16659210249976192
    },
    "lightgbm": {
      "accuracy": 0.6487,
      "balanced_accuracy": 0.6166,
      "roc_auc": 0.673,
      "pr_auc": 0.8518,
      "f1_macro": 0.5909,
      "f1_positive": 0.7447,
      "f1_negative": 0.4371,
      "precision_positive": 0.823,
      "recall_positive": 0.68,
      "mcc": 0.2073,
      "cohen_kappa": 0.1978,
      "brier_score": 0.2133,
      "ece": 0.1796,
      "roc_auc_95ci": "(0.6563, 0.6885)",
      "f1_macro_95ci": "(0.5775, 0.6037)",
      "mcc_95ci": "(0.1806, 0.2323)",
      "tuned_threshold": 0.512,
      "f1_macro_tuned": 0.5885405690508267,
      "mcc_tuned": 0.20986774202484412
    },
    "catboost": {
      "accuracy": 0.6061,
      "balanced_accuracy": 0.6204,
      "roc_auc": 0.6648,
      "pr_auc": 0.8486,
      "f1_macro": 0.5709,
      "f1_positive": 0.6938,
      "f1_negative": 0.4481,
      "precision_positive": 0.8374,
      "recall_positive": 0.5922,
      "mcc": 0.208,
      "cohen_kappa": 0.185,
      "brier_score": 0.2282,
      "ece": 0.2073,
      "roc_auc_95ci": "(0.6497, 0.6808)",
      "f1_macro_95ci": "(0.5585, 0.5843)",
      "mcc_95ci": "(0.1849, 0.2332)",
      "tuned_threshold": 0.478,
      "f1_macro_tuned": 0.5794562165758651,
      "mcc_tuned": 0.20472848645142278
    }
  },
  "delong_pairwise": [
    {
      "model_a": "random_forest",
      "model_b": "lightgbm",
      "auc_a": 0.6754,
      "auc_b": 0.6733,
      "z": 0.438,
      "p_value": 0.6616,
      "significant_0.05": false
    },
    {
      "model_a": "random_forest",
      "model_b": "gradient_boosting",
      "auc_a": 0.6754,
      "auc_b": 0.6731,
      "z": 0.468,
      "p_value": 0.6398,
      "significant_0.05": false
    },
    {
      "model_a": "random_forest",
      "model_b": "catboost",
      "auc_a": 0.6754,
      "auc_b": 0.6654,
      "z": 1.954,
      "p_value": 0.0507,
      "significant_0.05": false
    },
    {
      "model_a": "random_forest",
      "model_b": "extra_trees",
      "auc_a": 0.6754,
      "auc_b": 0.6639,
      "z": 2.841,
      "p_value": 0.0045,
      "significant_0.05": true
    },
    {
      "model_a": "random_forest",
      "model_b": "xgboost",
      "auc_a": 0.6754,
      "auc_b": 0.6399,
      "z": 5.49,
      "p_value": 0.0,
      "significant_0.05": true
    },
    {
      "model_a": "random_forest",
      "model_b": "logistic_regression",
      "auc_a": 0.6754,
      "auc_b": 0.6221,
      "z": 6.946,
      "p_value": 0.0,
      "significant_0.05": true
    },
    {
      "model_a": "lightgbm",
      "model_b": "gradient_boosting",
      "auc_a": 0.6733,
      "auc_b": 0.6731,
      "z": 0.052,
      "p_value": 0.9587,
      "significant_0.05": false
    },
    {
      "model_a": "lightgbm",
      "model_b": "catboost",
      "auc_a": 0.6733,
      "auc_b": 0.6654,
      "z": 1.71,
      "p_value": 0.0873,
      "significant_0.05": false
    },
    {
      "model_a": "lightgbm",
      "model_b": "extra_trees",
      "auc_a": 0.6733,
      "auc_b": 0.6639,
      "z": 1.685,
      "p_value": 0.0921,
      "significant_0.05": false
    },
    {
      "model_a": "lightgbm",
      "model_b": "xgboost",
      "auc_a": 0.6733,
      "auc_b": 0.6399,
      "z": 5.437,
      "p_value": 0.0,
      "significant_0.05": true
    },
    {
      "model_a": "lightgbm",
      "model_b": "logistic_regression",
      "auc_a": 0.6733,
      "auc_b": 0.6221,
      "z": 7.243,
      "p_value": 0.0,
      "significant_0.05": true
    },
    {
      "model_a": "gradient_boosting",
      "model_b": "catboost",
      "auc_a": 0.6731,
      "auc_b": 0.6654,
      "z": 1.588,
      "p_value": 0.1123,
      "significant_0.05": false
    },
    {
      "model_a": "gradient_boosting",
      "model_b": "extra_trees",
      "auc_a": 0.6731,
      "auc_b": 0.6639,
      "z": 1.59,
      "p_value": 0.1118,
      "significant_0.05": false
    },
    {
      "model_a": "gradient_boosting",
      "model_b": "xgboost",
      "auc_a": 0.6731,
      "auc_b": 0.6399,
      "z": 5.561,
      "p_value": 0.0,
      "significant_0.05": true
    },
    {
      "model_a": "gradient_boosting",
      "model_b": "logistic_regression",
      "auc_a": 0.6731,
      "auc_b": 0.6221,
      "z": 6.924,
      "p_value": 0.0,
      "significant_0.05": true
    },
    {
      "model_a": "catboost",
      "model_b": "extra_trees",
      "auc_a": 0.6654,
      "auc_b": 0.6639,
      "z": 0.281,
      "p_value": 0.7784,