{
  "features": [
    "ESCS",
    "HOMEPOS",
    "GENDER",
    "REPEAT",
    "IMMIG",
    "BELONG",
    "TEACHSUP",
    "ANXMAT",
    "GRADE",
    "HISCED",
    "HISEI",
    "_MISS_ESCS",
    "_MISS_HOMEPOS",
    "_MISS_REPEAT",
    "_MISS_IMMIG",
    "_MISS_BELONG",
    "_MISS_TEACHSUP",
    "_MISS_ANXMAT",
    "_MISS_GRADE",
    "_MISS_HISCED",
    "_MISS_HISEI"
  ],
  "n_train": 20913,
  "n_test": 6129,
  "models": {
    "logistic_regression": {
      "accuracy": 0.6896,
      "balanced_accuracy": 0.5029,
      "roc_auc": 0.6193,
      "pr_auc": 0.8386,
      "f1_macro": 0.4924,
      "f1_positive": 0.8088,
      "f1_negative": 0.176,
      "precision_positive": 0.7547,
      "recall_positive": 0.8713,
      "mcc": 0.0073,
      "cohen_kappa": 0.0068,
      "brier_score": 0.1933,
      "ece": 0.0719,
      "roc_auc_95ci": "(0.6049, 0.6351)",
      "f1_macro_95ci": "(0.4804, 0.5045)",
      "mcc_95ci": "(-0.0162, 0.0319)",
      "tuned_threshold": 0.493,
      "f1_macro_tuned": 0.4911525657149099,
      "mcc_tuned": 0.005835267592971752
    },
    "random_forest": {
      "accuracy": 0.6616,
      "balanced_accuracy": 0.6158,
      "roc_auc": 0.6738,
      "pr_auc": 0.8495,
      "f1_macro": 0.5962,
      "f1_positive": 0.7587,
      "f1_negative": 0.4337,
      "precision_positive": 0.8198,
      "recall_positive": 0.7061,
      "mcc": 0.2092,
      "cohen_kappa": 0.2028,
      "brier_score": 0.2091,
      "ece": 0.1827,
      "roc_auc_95ci": "(0.6574, 0.6897)",
      "f1_macro_95ci": "(0.5826, 0.6099)",
      "mcc_95ci": "(0.1820, 0.2360)",
      "tuned_threshold": 0.488,
      "f1_macro_tuned": 0.6056923648820882,
      "mcc_tuned": 0.21662287148921408
    },
    "extra_trees": {
      "accuracy": 0.6402,
      "balanced_accuracy": 0.6089,
      "roc_auc": 0.6631,
      "pr_auc": 0.8439,
      "f1_macro": 0.583,
      "f1_positive": 0.7375,
      "f1_negative": 0.4285,
      "precision_positive": 0.819,
      "recall_positive": 0.6707,
      "mcc": 0.1931,
      "cohen_kappa": 0.1836,
      "brier_score": 0.2124,
      "ece": 0.1822,
      "roc_auc_95ci": "(0.6478, 0.6793)",
      "f1_macro_95ci": "(0.5692, 0.5963)",
      "mcc_95ci": "(0.1680, 0.2198)",
      "tuned_threshold": 0.478,
      "f1_macro_tuned": 0.5943062995547639,
      "mcc_tuned": 0.1970296021989817
    },
    "gradient_boosting": {
      "accuracy": 0.6834,
      "balanced_accuracy": 0.6205,
      "roc_auc": 0.6741,
      "pr_auc": 0.8533,
      "f1_macro": 0.608,
      "f1_positive": 0.7799,
      "f1_negative": 0.436,
      "precision_positive": 0.8188,
      "recall_positive": 0.7446,
      "mcc": 0.2236,
      "cohen_kappa": 0.2204,
      "brier_score": 0.2099,
      "ece": 0.1804,
      "roc_auc_95ci": "(0.6591, 0.6899)",
      "f1_macro_95ci": "(0.5953, 0.6214)",
      "mcc_95ci": "(0.1989, 0.2502)",
      "tuned_threshold": 0.566,
      "f1_macro_tuned": 0.5658268478164891,
      "mcc_tuned": 0.20248497134391266
    },
    "xgboost": {
      "accuracy": 0.6845,
      "balanced_accuracy": 0.5954,
      "roc_auc": 0.6386,
      "pr_auc": 0.8311,
      "f1_macro": 0.5913,
      "f1_positive": 0.7865,
      "f1_negative": 0.3961,
      "precision_positive": 0.8024,
      "recall_positive": 0.7712,
      "mcc": 0.184,
      "cohen_kappa": 0.1835,
      "brier_score": 0.2217,
      "ece": 0.1655,
      "roc_auc_95ci": "(0.6224, 0.6545)",
      "f1_macro_95ci": "(0.5776, 0.6046)",
      "mcc_95ci": "(0.1567, 0.2103)",
      "tuned_threshold": 0.552,
      "f1_macro_tuned": 0.5726608838802454,
      "mcc_tuned": 0.16659210249976192
    },
    "lightgbm": {
      "error": "isolated task 'oos' crashed (rc=-11)"
    },
    "catboost": {
      "accuracy": 0.6061,
      "balanced_accuracy": 0.6204,
      "roc_auc": 0.6648,
      "pr_auc": 0.8486,
      "f1_macro": 0.5709,
      "f1_positive": 0.6938,
      "f1_negative": 0.4481,
      "precision_positive": 0.8374,
      "recall_positive": 0.5922,
      "mcc": 0.208,
      "cohen_kappa": 0.185,
      "brier_score": 0.2282,
      "ece": 0.2073,
      "roc_auc_95ci": "(0.6497, 0.6808)",
      "f1_macro_95ci": "(0.5585, 0.5843)",
      "mcc_95ci": "(0.1849, 0.2332)",
      "tuned_threshold": 0.478,
      "f1_macro_tuned": 0.5794562165758651,
      "mcc_tuned": 0.20472848645142278
    }
  }
}