quadrant,label,prob,y_true,y_pred
TP,true positive,0.9951556143202029,1,1
TN,true negative,0.026046039298000243,0,0
FP,false positive,0.8293468557006073,0,1
FN,false negative,0.041251244516764915,1,0
