quadrant,label,prob,y_true,y_pred
TP,true positive,0.9967199147367363,1,1
TN,true negative,0.012186807177138987,0,0
FP,false positive,0.8814034264684932,0,1
FN,false negative,0.07104176276197605,1,0
